2019-01-02,13,18,19,36,37,43,49
2019-01-05,4,10,38,40,45,48,43
2019-01-09,1,10,27,38,44,47,41
2019-01-12,10,13,21,30,46,48,23
2019-01-16,4,10,11,34,46,48,23
2019-01-19,2,13,32,39,44,49,10
2019-01-23,3,19,20,26,31,38,6
2019-01-26,3,7,10,12,14,25,36
2019-01-30,3,7,27,37,43,48,45
2019-02-02,14,16,25,29,30,48,12
2019-02-06,1,16,27,28,36,39,9
2019-02-09,1,24,35,41,42,49,18
2019-02-13,5,19,24,29,36,41,9
2019-02-16,3,9,10,20,21,35,31
2019-02-20,21,22,23,30,33,43,42
2019-02-23,5,6,10,43,46,47,27
2019-02-27,4,13,22,25,29,39,6
2019-03-02,4,14,21,29,41,49,35
2019-03-06,1,3,18,19,22,37,30
2019-03-09,22,23,26,34,42,46,3
2019-03-13,4,13,18,21,26,31,33
2019-03-16,9,12,15,20,25,45,16
2019-03-20,2,8,17,21,22,26,5
2019-03-23,3,6,20,22,23,24,19
2019-03-27,16,19,22,28,34,48,49
2019-03-30,7,14,18,26,31,32,3
2019-04-03,12,17,29,35,40,47,23
2019-04-06,6,19,30,37,38,49,34
2019-04-10,10,16,23,38,39,48,33
2019-04-13,4,5,15,23,38,45,12
2019-04-17,10,11,20,26,38,43,3
2019-04-20,11,15,32,34,44,47,3
2019-04-24,6,10,16,17,41,43,18
2019-04-27,5,6,11,16,19,27,24
2019-05-01,23,27,28,34,38,43,48
2019-05-04,3,4,12,21,41,49,5
2019-05-08,18,19,22,30,41,48,47
2019-05-11,3,12,26,27,34,46,29
2019-05-15,5,6,32,40,42,47,17
2019-05-18,7,8,13,27,28,34,2
2019-05-22,13,19,22,25,32,35,48
2019-05-25,12,19,22,25,45,49,28
2019-05-29,4,5,15,38,41,42,36
2019-06-01,16,29,34,35,47,49,10
2019-06-05,6,21,35,46,48,49,14
2019-06-08,9,12,15,20,24,43,36
2019-06-12,22,23,31,38,47,48,10
2019-06-15,10,19,24,30,35,49,32
2019-06-19,21,31,41,45,46,47,39
2019-06-22,15,16,34,35,38,44,43
2019-06-26,4,10,17,24,26,33,2
2019-06-29,2,5,19,21,29,46,15
2019-07-03,13,21,26,30,38,39,19
2019-07-06,10,28,38,39,40,43,45
2019-07-10,7,15,22,28,43,49,45
2019-07-13,5,11,12,33,37,45,2
2019-07-17,21,24,33,36,41,42,3
2019-07-20,4,21,30,41,44,46,5
2019-07-24,2,8,10,18,37,48,29
2019-07-27,1,3,5,34,38,43,49
2019-07-31,2,11,19,35,39,48,17
2019-08-03,4,14,17,22,26,46,47
2019-08-07,5,8,9,19,28,31,18
2019-08-10,2,3,20,33,48,49,32
2019-08-14,9,14,18,31,32,41,38
2019-08-17,4,31,34,39,41,48,43
2019-08-21,2,17,24,25,40,43,16
2019-08-24,3,7,8,14,20,24,31
2019-08-28,1,10,18,39,43,47,26
2019-08-31,2,21,22,24,48,49,23
2019-09-04,1,4,5,17,21,29,46
2019-09-07,25,28,37,38,42,48,34
2019-09-11,2,4,27,36,45,49,41
2019-09-14,6,13,28,29,35,43,25
2019-09-18,3,10,15,23,45,47,9
2019-09-21,1,2,4,32,38,39,21
2019-09-25,16,25,28,29,39,47,17
2019-09-28,1,4,5,7,21,40,41
2019-10-02,20,28,29,41,45,46,27
2019-10-05,14,15,35,38,42,46,12
2019-10-09,5,14,18,33,40,44,16
2019-10-12,13,16,25,32,33,41,2
2019-10-16,2,4,9,24,44,45,18
2019-10-19,2,16,28,47,48,49,35
2019-10-23,11,13,24,28,40,46,44
2019-10-26,4,12,15,26,43,44,2
2019-10-30,23,30,33,34,41,45,31
2019-11-02,8,16,19,20,39,43,28
2019-11-06,6,8,13,14,35,40,26
2019-11-09,12,31,36,37,46,49,43
2019-11-13,1,19,31,44,46,49,3
2019-11-16,2,3,4,11,27,47,17
2019-11-20,4,20,29,30,36,45,22
2019-11-23,16,19,24,29,31,36,8
2019-11-27,13,15,16,20,39,42,27
